experiment,variant,metric,value,unit,notes
machine,cpu,model,Apple M5,,
machine,cpu,cores,10,,
machine,memory,size,16,GiB,
machine,os,name,macOS 26.6.2,,fsync is F_FULLFSYNC
machine,date,measured,2026-10-03,,
machine,power,source,AC,,
cluster_size,1 node,ops_per_sec,2493,ops/s,
cluster_size,1 node,write_p50,12.08,ms,
cluster_size,1 node,write_p99,30.26,ms,
cluster_size,3 nodes,ops_per_sec,814.8,ops/s,
cluster_size,3 nodes,write_p50,37.28,ms,
cluster_size,3 nodes,write_p99,84.55,ms,
cluster_size,5 nodes,ops_per_sec,557.6,ops/s,
cluster_size,5 nodes,write_p50,53.26,ms,
cluster_size,5 nodes,write_p99,126.8,ms,
read_write_latency,"3 nodes, 50% writes",ops_per_sec,227.2,ops/s,
read_write_latency,"3 nodes, 50% writes",write_p50,32.22,ms,
read_write_latency,"3 nodes, 50% writes",write_p99,66.13,ms,
read_write_latency,"3 nodes, 50% writes",read_p50,32.21,ms,
read_write_latency,"3 nodes, 50% writes",read_p99,64.99,ms,
leader_failover,"3 nodes, 5 kills",median,290.8,ms,longest gap between completed writes
leader_failover,"3 nodes, 5 kills",max,301.4,ms,
minority_down,"3 nodes, 1 follower stopped",ops_per_sec,876.6,ops/s,SIGSTOP on one follower
batching,max 1 entry per RPC,ops_per_sec,87.4,ops/s,
batching,max 1 entry per RPC,write_p50,382.8,ms,
batching,max 1 entry per RPC,write_p99,417.7,ms,
batching,max 64 entries per RPC,ops_per_sec,804.7,ops/s,
batching,max 64 entries per RPC,write_p50,37,ms,
batching,max 64 entries per RPC,write_p99,87.48,ms,
group_commit,off (one fsync per request),ops_per_sec,235.5,ops/s,
group_commit,off (one fsync per request),write_p50,133.3,ms,
group_commit,off (one fsync per request),write_p99,181.1,ms,
group_commit,on (one fsync per batch),ops_per_sec,911.9,ops/s,
group_commit,on (one fsync per batch),write_p50,33.02,ms,
group_commit,on (one fsync per batch),write_p99,80.78,ms,
fsync,durable (fsync),ops_per_sec,784.9,ops/s,
fsync,durable (fsync),write_p50,39.22,ms,
fsync,durable (fsync),write_p99,84.47,ms,
fsync,no fsync (unsafe),ops_per_sec,1.145e+05,ops/s,"survives a killed process, not a crashed machine"
fsync,no fsync (unsafe),write_p50,0.262,ms,"survives a killed process, not a crashed machine"
fsync,no fsync (unsafe),write_p99,0.707,ms,"survives a killed process, not a crashed machine"
build_type,release,ops_per_sec,743.6,ops/s,
build_type,release,write_p50,40.06,ms,
build_type,release,write_p99,108.6,ms,
build_type,asan+ubsan,ops_per_sec,893.6,ops/s,
build_type,asan+ubsan,write_p50,31.49,ms,
build_type,asan+ubsan,write_p99,95.13,ms,
build_type,tsan,ops_per_sec,883.6,ops/s,
build_type,tsan,write_p50,32.07,ms,
build_type,tsan,write_p99,90.26,ms,
message_drops,"20% drops, simulated",throughput_kept,18.7,%,"simulator, virtual time; Phase 7 fault matrix"
state_machine,apply put,per_op,44.52,ns,
snapshot_cost,"1,000 keys",take,0.06418,ms,
snapshot_cost,"10,000 keys",take,0.6445,ms,
snapshot_cost,"100,000 keys",take,6.203,ms,
snapshot_cost,"1,000 keys",restore,0.1288,ms,
snapshot_cost,"10,000 keys",restore,1.544,ms,
snapshot_cost,"100,000 keys",restore,14.9,ms,
snapshot_cost,"1,000 keys",save_durably,16.71,ms,
snapshot_cost,"10,000 keys",save_durably,16.8,ms,
snapshot_cost,"100,000 keys",save_durably,23.34,ms,
append_and_sync,fsync,per_entry,3832,us,
append_and_sync,no fsync,per_entry,4.612,us,
